version,condition,outcome,N,reference_mean,condition_mean,change,p_raw,p_holm
original,s2,Suppression,61,40.98360655737705,16.39344262295082,-24.590163934426233,0.004077315330505371,0.03261852264404297
original,s3a,Suppression,61,40.98360655737705,29.508196721311474,-11.475409836065575,0.21003961563110352,0.6301188468933105
original,s3b,Suppression,61,40.98360655737705,47.540983606557376,6.5573770491803245,0.5846647117286922,1.0
original,s3c,Suppression,61,40.98360655737705,9.836065573770492,-31.147540983606557,0.0005461126565933228,0.0054611265659332275
original,s4,Suppression,61,40.98360655737705,27.86885245901639,-13.11475409836066,0.15158963203430176,0.606358528137207
original,s5_cot,Suppression,61,40.98360655737705,4.918032786885246,-36.0655737704918,2.9802322387695312e-06,4.470348358154297e-05
original,s6,Suppression,61,40.98360655737705,19.672131147540984,-21.311475409836067,0.0191572904586792,0.1149437427520752
revised,s2_r,Suppression,61,40.98360655737705,16.39344262295082,-24.590163934426233,0.000274658203125,0.003021240234375
revised,s3a_r,Suppression,61,40.98360655737705,26.229508196721312,-14.754098360655737,0.049041748046875,0.245208740234375
revised,s3b_r,Suppression,61,40.98360655737705,36.0655737704918,-4.918032786885246,0.7011080384254456,1.0
revised,s3c_r,Suppression,61,40.98360655737705,8.19672131147541,-32.786885245901644,1.0967254638671875e-05,0.00015354156494140625
revised,s4_r,Suppression,61,40.98360655737705,6.557377049180328,-34.42622950819672,4.9233436584472656e-05,0.0005908012390136719
revised,s5_adv,Suppression,61,40.98360655737705,14.754098360655737,-26.229508196721312,0.0008554458618164062,0.007699012756347656
revised,s5_r,Suppression,61,40.98360655737705,21.311475409836063,-19.672131147540988,0.004180908203125,0.03261852264404297
revised,s6_r,Suppression,61,40.98360655737705,8.19672131147541,-32.786885245901644,1.0967254638671875e-05,0.00015354156494140625
original,s2,Injection,40,10.0,45.0,35.0,0.0001220703125,0.0010900497436523438
original,s3a,Injection,40,10.0,55.00000000000001,45.00000000000001,0.00012111663818359375,0.0010900497436523438
original,s3b,Injection,40,10.0,87.5,77.5,9.313225746154785e-10,1.210719347000122e-08
original,s3c,Injection,40,10.0,82.5,72.5,3.725290298461914e-09,4.470348358154297e-08
original,s4,Injection,40,10.0,22.5,12.5,0.1796875,0.375
original,s5_cot,Injection,40,10.0,35.0,24.999999999999996,0.001953125,0.01171875
original,s6,Injection,40,10.0,95.0,85.0,1.1641532182693481e-10,1.7462298274040222e-09
revised,s2_r,Injection,40,10.0,20.0,10.0,0.125,0.375
revised,s3a_r,Injection,40,10.0,27.500000000000004,17.5,0.0390625,0.1953125
revised,s3b_r,Injection,40,10.0,92.5,82.5,2.3283064365386963e-10,3.259629011154175e-09
revised,s3c_r,Injection,40,10.0,55.00000000000001,45.00000000000001,7.62939453125e-06,8.392333984375e-05
revised,s4_r,Injection,40,10.0,60.0,50.0,1.0967254638671875e-05,0.00010967254638671875
revised,s5_adv,Injection,40,10.0,27.500000000000004,17.5,0.0390625,0.1953125
revised,s5_r,Injection,40,10.0,17.5,7.499999999999998,0.453125,0.453125
revised,s6_r,Injection,40,10.0,45.0,35.0,0.000518798828125,0.003631591796875
original,s2,BERTScore,150,0.8561782097333335,0.8533202244,-0.0028579853333334793,0.00011235258575809896,0.0003370577572742969
original,s3a,BERTScore,150,0.8561782097333335,0.8453695850666666,-0.010808624666666877,4.649690923316044e-17,2.7898145539896264e-16
original,s3b,BERTScore,150,0.8561782097333335,0.8192095080666667,-0.03696870166666677,2.346308187531422e-26,3.4494086341004675e-25
original,s3c,BERTScore,150,0.8561782097333335,0.8386578616666667,-0.017520348066666802,4.6149451009868244e-24,4.6149451009868244e-23
original,s4,BERTScore,150,0.8561782097333335,0.8567596949333334,0.0005814851999998982,0.5095759164905445,0.7608190764840188
original,s5_cot,BERTScore,150,0.8561782097333335,0.8497190154666666,-0.006459194266666857,1.4119781833157638e-13,7.059890916578819e-13
original,s6,BERTScore,150,0.8561782097333335,0.8275113352666665,-0.028666874466666936,2.2996057560669784e-26,3.4494086341004675e-25
revised,s2_r,BERTScore,150,0.8561782097333335,0.8554552939333333,-0.0007229158000001679,0.3804095382420094,0.7608190764840188
revised,s3a_r,BERTScore,150,0.8561782097333335,0.8473622273333333,-0.008815982400000144,7.8614919673522e-21,6.28919357388176e-20
revised,s3b_r,BERTScore,150,0.8561782097333335,0.8171158746666667,-0.03906233506666679,2.2996057560669784e-26,3.4494086341004675e-25
revised,s3c_r,BERTScore,150,0.8561782097333335,0.8433249028666666,-0.012853306866666858,2.9284046197378107e-22,2.6355641577640297e-21
revised,s4_r,BERTScore,150,0.8561782097333335,0.8380202177333334,-0.018157992000000123,2.2248484251503333e-25,2.4473332676653667e-24
revised,s5_adv,BERTScore,150,0.8561782097333335,0.8471867438,-0.008991465933333442,6.457903622011403e-18,4.520532535407982e-17
revised,s5_r,BERTScore,150,0.8561782097333335,0.8531302889333333,-0.003047920800000159,2.8522616800350238e-05,0.00011409046720140095
revised,s6_r,BERTScore,150,0.8561782097333335,0.8378070948666667,-0.01837111486666676,5.893905285042426e-26,7.072686342050911e-25
