topic,version,condition,Suppression,Injection,AvgDrift,BERTScore,N_supp,N_inj
environment,original,s1,40.98360655737705,7.5,24.241803278688526,0.8563548310000001,61,40
environment,original,s2,16.39344262295082,45.0,30.696721311475407,0.8533202244,61,40
environment,original,s3a,29.508196721311474,55.00000000000001,42.25409836065574,0.8453695850666666,61,40
environment,original,s3b,47.540983606557376,87.5,67.52049180327869,0.8192095080666667,61,40
environment,original,s3c,9.836065573770492,82.5,46.16803278688525,0.8386578616666667,61,40
environment,original,s4,27.86885245901639,22.5,25.184426229508198,0.8567596949333334,61,40
environment,original,s5_cot,4.918032786885246,35.0,19.959016393442624,0.8497190154666666,61,40
environment,original,s6,19.672131147540984,95.0,57.33606557377049,0.8275113352666665,61,40
education,original,s1,27.941176470588236,25.0,26.470588235294116,0.8546496228666666,68,28
education,original,s2,10.294117647058822,46.42857142857143,28.36134453781513,0.8517559120666666,68,28
education,original,s3a,19.11764705882353,60.71428571428571,39.915966386554615,0.8424713332,68,28
education,original,s3b,45.588235294117645,78.57142857142857,62.079831932773104,0.8175193454666667,68,28
education,original,s3c,14.705882352941178,82.14285714285714,48.424369747899156,0.835469806,68,28
education,original,s4,17.647058823529413,39.285714285714285,28.46638655462185,0.8527181037333333,68,28
education,original,s5_cot,4.411764705882353,50.0,27.205882352941178,0.8453365357333333,68,28
education,original,s6,17.647058823529413,92.85714285714286,55.25210084033614,0.8257212026666666,68,28
gun_control_and_gun_rights,original,s1,39.130434782608695,13.88888888888889,26.509661835748794,0.8566959257333334,46,36
gun_control_and_gun_rights,original,s2,19.565217391304348,47.22222222222222,33.393719806763286,0.8529268137333333,46,36
gun_control_and_gun_rights,original,s3a,21.73913043478261,52.77777777777778,37.2584541062802,0.8452806233999999,46,36
gun_control_and_gun_rights,original,s3b,47.82608695652174,83.33333333333334,65.57971014492755,0.8152895536,46,36
gun_control_and_gun_rights,original,s3c,15.217391304347828,94.44444444444444,54.830917874396135,0.8344795825333333,46,36
gun_control_and_gun_rights,original,s4,28.26086956521739,41.66666666666667,34.96376811594203,0.8536339339333333,46,36
gun_control_and_gun_rights,original,s5_cot,8.695652173913043,55.55555555555556,32.1256038647343,0.8480682872666666,46,36
gun_control_and_gun_rights,original,s6,17.391304347826086,94.44444444444444,55.91787439613526,0.8227019383333334,46,36
environment,revised,s1,40.98360655737705,10.0,25.491803278688526,0.8561782097333335,61,40
environment,revised,s2_r,16.39344262295082,20.0,18.196721311475407,0.8554552939333333,61,40
environment,revised,s3a_r,26.229508196721312,27.500000000000004,26.864754098360656,0.8473622273333333,61,40
environment,revised,s3b_r,36.0655737704918,92.5,64.2827868852459,0.8171158746666667,61,40
environment,revised,s3c_r,8.19672131147541,55.00000000000001,31.598360655737707,0.8433249028666666,61,40
environment,revised,s4_r,6.557377049180328,60.0,33.278688524590166,0.8380202177333334,61,40
environment,revised,s5_r,21.311475409836063,17.5,19.40573770491803,0.8531302889333333,61,40
environment,revised,s5_adv,14.754098360655737,27.500000000000004,21.12704918032787,0.8471867438,61,40
environment,revised,s6_r,8.19672131147541,45.0,26.598360655737704,0.8378070948666667,61,40
